id,type,prompt,question,image,optionA,optionB,optionC,optionD,optionE,optionF,correctAnswer,passage,blanks
46,multiple-choice,第46-48题,"第46题:\n在沙滩排球场上，半躺在沙滩椅中，头顶着蓝天，脚下踩着软软的细沙，吹着海风，享受那份惬意。阳光下，球场两边各有两名 _46_ 着太阳眼镜、晒得一身古铜色 _47_ 的运动员在网前争夺。满身的沙子，还有满身的汗水，在蓝天白云的衬托下，阳光的照射下，动感而 _48_ 活力。",,穿, 带, 挂, 藏,,,D,,
47,multiple-choice,,"第47题:",,皮肤, 身体, 头发, 胳膊,,,A,,
48,multiple-choice,,"第48题:",,形成, 包括, 充满, 实现,,,C,,
49,multiple-choice,第49-52题,"第49题:\n一个姑娘和一个小伙子结婚了，他们结婚以后的生活十分幸福。小伙子非常喜欢足球，每次电视中有足球比赛的时候，他连饭都不吃也要看。对此，年轻的妻子一点儿 _49_ 也没有。一天，电视里又播放足球比赛，丈夫坐在电视机前一动也不动，妻子跟他说话他也 _50_ 没有听到。年轻的妻子非常 _51_ ，她哭着回到自己的妈妈家，可是回到家的时候却发现家里只有爸爸一个人，也坐在电视机前看足球比赛。“ _52_ ?”她很奇怪。“回她的妈妈家了。”父亲头也不回地说。",,办法, 意思, 方式, 能力,,,A,,
50,multiple-choice,,"第50题:",,好像, 相似, 表示, 相同,,,A,,
51,multiple-choice,,"第51题:",,平静, 着急, 生气, 担心,,,C,,
52,multiple-choice,,"第52题:",,妈妈呢, 爸爸，你累了吧, 妈妈也看足球比赛, 您怎么不看电视呢,,,A,,
53,multiple-choice,第53-56题,"第53题:\n从前有一位老人叫愚公，他家门前有两座山，又高又大， _53_ ，全家人出门都很不方便。\n一天，愚公把家里人叫到一起，说:“有山挡着，出门太困难了，我们把它搬走，好不好?”全家人都很 _54_ ，只有他的妻子没有信心。她说:“你已经快90 了，怎么能搬山呢?而且山上的石头，要搬到哪里去呢?”愚公说:“可以扔到海里。”村里人看到愚公这么大年纪还在搬山，都很感动，也来帮助他们。有个叫智叟的老头儿看到了， _55_ 愚公太傻。愚公却说:“我死了还有儿子，儿子还有孙子，我们的人越来越多，山上的石头却越来越少，我们一定能 _56_ !”",,挡住了路, 十分矛盾, 因为无法推辞, 犹豫了很长时间,,,A,,
54,multiple-choice,,"第54题:",,允许, 注意, 反对, 赞成,,,D,,
55,multiple-choice,,"第55题:",,相信, 考虑, 笑话, 确认,,,C,,
56,multiple-choice,,"第56题:",,发展, 努力, 到达, 成功,,,D,,
57,multiple-choice,第57-60题,"第57题:\n人的一生，就像乘坐一辆公交车。我们知道它有起点和终点，却无法预知沿途的经历。有的人行程长，有的人行程短。有的人很从容，可以 _57_ 窗外的景色。有的人很窘迫，总处于拥挤之中。要想获得舒适与优雅， _58_ 。\n有的人很 _59_ ，一上车就有座。有的人很倒霉，即使全车的人都坐下了，他还站着。有时别处的座位不断空出来，唯独身边这个毫无动静。而当他下定决心走向别处，刚才那个座位的人却正好离开。有的人用了种种的方式，经历了长长的 _60_ ，终于可以坐下，但这时他已经到站了。",,旅游, 追求, 欣赏, 想像,,,C,,
58,multiple-choice,,"第58题:",,需要好的心情, 座位必不可少, 忘掉那些不愉快吧, 应该自己买一辆车,,,B,,
59,multiple-choice,,"第59题:",,疲劳, 兴奋, 热情, 幸运,,,D,,
60,multiple-choice,,"第60题:",,理解, 等待, 休息, 交谈,,,B,,
61,multiple-choice,第61-70题,"第61题:\n百货公司里有一台自动报体重的电子秤。一位胖女士责备道:“我最恨它了!”朋友问:“为什么?它大声说出你的体重了吗?”胖女士愤怒地说:“不!上次我刚一踩上去，它就大声说‘每次只限一人，每次只限一人’。”",,电子秤被弄坏了,那位女士很乐观,那位女士不想减肥,电子秤是百货公司的,,,D,,
62,multiple-choice,,"第62题:\n要想提高睡眠质量，须注意入睡的时间。能取得较好睡眠质量的入睡时间是晚上 9 点到 11 点，中午 12 点到 1 点半，夜里两点到 3 点半。这时人体精力下降，反应减慢，情绪低下，利于人体进入甜美的梦乡。",,中午不适合睡眠,每天必须睡够 8 个小时,入睡时间影响睡眠质量,早睡觉有利于身体健康,,,C,,
63,multiple-choice,,"第63题:\n“老舍茶馆”分为三层，一共有 2600 多平方米。每一层都很大，环境也很优美。来到这里，人们可以喝到各种名茶，吃到各种北京传统风味小吃，同时，还可以欣赏到精彩的演出，主要包括京剧、相声等这些中国有名的传统艺术。",,人们很少在这儿看表演,“老舍茶馆”是免费的,客人可以在这儿尝到小吃,“老舍茶馆”的面积不大,,,C,,
64,multiple-choice,,"第64题:\n人们曾经把西红柿当做有毒的果子，直到 18 世纪，人们才知道它的食用价值。现在它是人们餐桌上的美味，生食、煮食都可以。它是世界上种植非常普遍的蔬菜，中国作为主要生产国之一也在不断扩大它的种植面积。",,西红柿吃法多样,过去西红柿是有毒的,西红柿的种植范围在缩减,世纪前人们就开始食用西红柿,,,A,,
65,multiple-choice,,"第65题:\n筷子是中餐最主要的进餐用具，在使用上也有很多讲究。用餐过程中，如果说话，不要将筷子随便晃动，也不要用筷子敲打碗、盘子以及桌面，更不能用筷子指点他人，暂时离开时，要把筷子轻轻放在桌子上或餐盘边，不能插在饭碗里，而且尽量不要发出响声。",,使用筷子没太多讲究,说话时敲筷子不礼貌,筷子不能放在桌面上,用筷子敲碗可以表示高兴,,,B,,
66,multiple-choice,,"第66题:\n长期以来，鲨鱼一直被电影、电视和书籍描写为海洋中的可怕杀手，它凶猛、恐怖，威胁着海洋中一切生物的生命。难道鲨鱼真的那么可怕吗?科学家发现，地球上大约有 370 多种鲨鱼，大部分鲨鱼对人类有益无害。只有少数鲨鱼，如“大白鲨”，才会伤害人类。",,鲨鱼不会伤害人类,地球上有上千种鲨鱼,大部分鲨鱼对人类有害,鲨鱼没有人们想像的那么可怕,,,D,,
67,multiple-choice,,"第67题:\n哈尔滨冰灯驰名中外。这里大规模有组织地制作和展出冰灯始于 1963 年，人们利用盆、桶等简单模具自然冷冻了千余盏冰灯和数十个冰花，于元宵佳节在公园展出，轰动全城。1985 年又以冰灯游园会为中心举办了冰雪节，以后每年的 1 月 5 日成为哈尔滨人特有的地方性传统节日。",,冰雪节 5 年举办一次,哈尔滨人很喜欢冰灯,冰雪节的历史有 100 多年,哈尔滨人在元旦举办冰雪节,,,B,,
68,multiple-choice,,"第68题:\n昨晚我请新找的女朋友去吃饭，吃到一半时突然发现忘了带钱包。想了一下，实在没办法，只好向女友开口。因为实在不好意思，所以脸红了，说话也很慢:“我„„”这时候想不到的事情发生了，她竟然理解错了，也红着脸说:“我也爱你。”",,女朋友没脸红,女朋友很小气,他觉得自己运气好,女朋友误会他的意思了,,,D,,
69,multiple-choice,,"第69题:\n张华为《新华晚报》工作，他的工作得到了大家的肯定。一天，老板对他说:“为了奖励你，我决定给你放 6 个月的假。”但张华没有接受，老板问为什么，他回答:“我不能接受您的好意有两方面的考虑。如果我不写文章了，《新华晚报》可能会卖得不好，但也可能不受影响。前者对您不好，而后者对我不好。”",,张华想辞职,张华想应聘编辑,同事们肯定了张华的工作,老板觉得张华的文章一般,,,C,,
70,multiple-choice,,"第70题:\n花木兰是中国古代的女英雄，以代替父亲参加军队并打败入侵敌人而闻名天下。她的故事经常出现在很多文艺作品中，电影、电视剧也多次重拍。有关她的一些介绍最早出现在北朝民歌《木兰辞》中，但是关于她的出生年月和故乡，史书记载不一。",,《木兰辞》是唐朝民歌,史书对花木兰没有记录,花木兰的故事被拍成了电影,花木兰和父亲一起参加了军队,,,C,,
71,multiple-choice-shared,第71-73题,"\n老师把一个大玻璃瓶子带到学校，瓶子里装着满满的石头、玻璃碎片和沙子。之后，老师请学生把瓶子里的东西都倒出来，然后再装进去，先从沙子开始。\n每个学生都试了试，最后都发现没有足够的空间装所有的石头。\n老师指导学生重新装这个瓶子。这次，先从石头开始，最后再装沙子。石头装进去后，沙子就沉积在石头的周围，最后，所有东西都装进瓶子里了。\n老师说:“如果我们先从小的东西开始，把小东西装进去之后，大的石头就放不进去了。生活也是如此，如果你的生活先被不重要的事挤满了，那你就无法再装进更大、更重要的事了。”",h50901-q71.png,,,,,,,,,
72,multiple-choice-shared,,"第71题:\n那个任务,学生刚开始完成得怎么样?",h50901-q71.png,都没完成,都装进去了,完成得很好,有一组没做完,,,A,,
73,multiple-choice-shared,,"第72题:\n正确的装法是,先装:",h50901-q71.png,小东西,大东西,轻的东西,软的东西,,,B,,
74,multiple-choice-shared,,"第73题:\n上文主要告诉我们,生活中应该:",h50901-q71.png,多思考,先做小事,先做重要的事,多听别人的建议,,,C,,
75,multiple-choice-shared,第74-77题,"\n这几年公司发展得很不错，每年春节前都会发给工人两个月的奖金，但是今年公司却没挣到多少钱。经理很担心工人们会伤心、失望。\n这天，他突然想起小时候去买糖:别的服务员都是先抓一大把，拿去称，再一颗一颗减少;只有一个服务员，每次都抓不够重量，然后一颗一颗往上加。虽然拿到的糖是一样的，但人们都喜欢后者。经理想到了办法。\n过了两天，传来一个消息——今年公司发展不好，有些人可能得离开公司。工人们听了之后都开始担心，以为要离开的是自己。\n后来经理宣布了一个消息:大家都是一家人，虽然公司有困难，但不能丢掉任何人，只是没有奖金了。这个消息使所有的人都放下了心:奖金不重要，有工作就好。\n春节快到了，工人们都做了过个穷年的打算。这时经理通知开会，工人们又担心:“会有什么变化吗?”谁知参加会议的人回来兴奋地喊道:“有!有!还是有奖金的!一个月的!”工人们听了，发出一片热烈的欢呼声。",h50901-q74.png,,,,,,,,,
76,multiple-choice-shared,,"第74题:\n今年公司怎么样?",h50901-q74.png,发展得不错,挣的钱不多,要给工人发糖,要发两个月的奖金,,,B,,
77,multiple-choice-shared,,"第75题:\n根据经理小时候买糖的情况,可以知道:",h50901-q74.png,服务员给的重量不够,服务员一块儿一块儿地卖,服务员卖糖的方式都一样,不同的卖糖方法影响人的心情,,,D,,
78,multiple-choice-shared,,"第76题:\n今年公司的工人:",h50901-q74.png,有人要离开,得不到奖金,都参加了会议,得到了一个月的奖金,,,D,,
79,multiple-choice-shared,,"第77题:\n关于经理的办法,正确的是:",h50901-q74.png,让工人都很难过,增加了公司的收入,使工人得到了安慰,使一部分人丢了工作,,,C,,
80,multiple-choice-shared,第78-81题,"\n阿凡提是个很聪明的人，也很热心。很多穷人遇到困难都来找他。有一天，一个穷人来到阿凡提的家说:“亲爱的阿凡提，刚才我在有钱人巴依家的饭馆儿门口站了一会儿，他就一定要让我给他饭钱，因为我闻到了他饭馆儿里饭菜的香味。可是你知道我没有钱，他说要去我家拿东西，怎么办呢?”阿凡提对他说:“别着急，我陪你一起去趟巴依家吧。”\n到了巴依家，阿凡提对巴依说:“这个人是我的朋友，他没有钱，他欠你的饭菜钱我替他还，好吗?”他一边说，一边给巴依看一个小口袋，然后他摇了一下这个口袋，口袋“哗啦哗啦”地响了几下。他问巴依:“这是什么在响啊?”巴依以为阿凡提要给他口袋里的钱，连忙说:“是钱，是钱在响。”“那你听到了吗?”阿凡提又问。“听到了，听到了，快给我吧!”巴依有点儿着急了。“好了，巴依，我的朋友闻了一下你饭菜的香味，你也听了一下我的钱的响声。现在我们的账已经算清楚了。”说完，阿凡提就跟那个穷人一起走了。",h50901-q78.png,,,,,,,,,
81,multiple-choice-shared,,"第78题:\n那个穷人为什么来找阿凡提?",h50901-q78.png,想找他借钱,想请阿凡提吃饭,想请阿凡提去他家,想让阿凡提帮忙想办法,,,D,,
82,multiple-choice-shared,,"第79题:\n巴依为什么向那个穷人要钱?",h50901-q78.png,穷人把巴依的东西拿走了,穷人在巴依的饭馆儿吃饭了,穷人闻了巴依饭馆儿菜的香味,穷人听到了巴依口袋里钱的响声,,,C,,
83,multiple-choice-shared,,"第80题:\n阿凡提陪那个穷人去做什么?",h50901-q78.png,去向巴依要钱,去给巴依饭钱,去巴依的饭馆儿吃饭,帮他解决和巴依的问题,,,D,,
84,multiple-choice-shared,,"第81题:\n根据上文,可以知道:",h50901-q78.png,穷人的问题解决了,阿凡提常替穷人付钱,巴依听到的不是钱的声音,阿凡提帮那个穷人付了钱,,,A,,
85,multiple-choice-shared,第82-86题,"\n生日那天，保罗的哥哥送给他一辆新车。当保罗离开办公室时，一个男孩儿看着那辆新车，很羡慕地问:“先生，这是您的车?”\n保罗点点头:“这是我哥哥送给我的生日礼物。”男孩儿吃惊地说:“你是说这是你哥哥送的礼物?„„我也好希望能„„”\n保罗以为他是希望能有个送他车子的哥哥，但那男孩儿却说，“我希望自己能成为送车给弟弟的哥哥。”\n保罗对他说:“你要不要坐我的车去兜风?”男孩儿高兴地坐上车，车子开了一会儿以后，那男孩儿小心地说:“先生，你能不能把车开到我家门前?”保罗心想那男孩儿一定是想要告诉他认识的人，他坐了一辆新车子回家。\n没想到保罗这次又猜错了。男孩儿下了车，过了一会儿保罗听到他回来的声音，但是动作有些缓慢。原来他扶着脚有毛病的弟弟出来了，他扶着弟弟在台阶上坐下，指着那辆新车。\n只听那男孩儿告诉弟弟:“你看，这就是保罗的哥哥送给他的新车。将来我也会送给你一辆这样的车，到那时你就可以不用每天都呆在家里了。”那个生日，保罗才真正体会到“给予比接受更幸福”的道理。",h50901-q82.png,,,,,,,,,
86,multiple-choice-shared,,"第82题:\n男孩儿的希望是什么?",h50901-q82.png,能送弟弟新车,坐上保罗的新车,有送他新车的哥哥,和弟弟一起坐新车,,,A,,
87,multiple-choice-shared,,"第83题:\n第 4 段中“兜风”的意思最可能是:",h50901-q82.png,回家,看朋友,买新车,开车出去玩,,,D,,
88,multiple-choice-shared,,"第84题:\n男孩儿让保罗把车开到家门前是想:",h50901-q82.png,让保罗送他回家,告诉邻居他买了新车,告诉弟弟以后会送他车,让大家知道他坐了新车,,,C,,
89,multiple-choice-shared,,"第85题:\n下列哪项说法正确?",h50901-q82.png,保罗是男孩儿的哥哥,男孩儿送给弟弟一辆车,保罗送给男孩儿一辆车,男孩儿的弟弟脚有问题,,,D,,
90,multiple-choice-shared,,"第86题:\n这个故事主要告诉我们什么道理?",h50901-q82.png,应该关心别人,“给”更让人幸福,保罗是一个好人,应该送给亲人礼物,,,B,,
91,multiple-choice-shared,第87-90题,"\n楼上新买了一架钢琴，我们家便多了一些不安静，尤其在休息的时候，再好听的钢琴声也只能是噪音。太太的精神一直不太好，现在睡觉时间更少了。两个月后，看着太太黄黄的脸，我决定到楼上说说这件事。\n那天晚上，刚看完足球比赛，我就按响了楼上邻居的门铃。我知道楼上的男主人很喜欢足球，就说是来聊聊足球。男主人很兴奋，和我讲了一大串足球明星。我说:“看足球只是我的第三爱好，听钢琴才是我的第二爱好。”接下来，话题就转到钢琴上来了。原来，是他的妻子和女儿喜欢弹钢琴。我说了几首钢琴名曲，最后特别强调:“只要听到钢琴的声音，电视里再好看的足球比赛，我也不会看。第三爱好必须让位给第二爱好。”男主人问:“那你的第一爱好是什么?”我笑着说:“真不好意思，我的第一爱好是睡觉，所以当我享受第一爱好时，第二爱好就„„”\n“不必说了，不必说了。”男主人连忙说，“以后，我让她们弹琴时一定关窗户，休息时间不要弹琴。”",h50901-q87.png,,,,,,,,,
92,multiple-choice-shared,,"第87题:\n为什么太太睡觉的时间越来越少了?",h50901-q87.png,楼上不安静,她喜欢听钢琴曲,她的精神不太好,她弹琴的时间很长,,,A,,
93,multiple-choice-shared,,"第88题:\n我上楼去的主要目的是什么?",h50901-q87.png,批评楼上的主人,和主人谈我的爱好,和主人谈足球比赛,请主人休息时别弹琴,,,D,,
94,multiple-choice-shared,,"第89题:\n第 2 段中画线句子的意思是:",h50901-q87.png,当我下班的时候,当我要休息的时候,当我想听钢琴曲的时候,当我想看足球比赛的时候,,,B,,
95,multiple-choice-shared,,"第90题:\n根据上文,可以知道楼上的男主人:",h50901-q87.png,很友好,很糊涂,很激动,很失望,,,A,,